{"IcoMoonType":"selection","icons":[{"icon":{"paths":["M512 0c-282.752 0-512 229.248-512 512s229.248 512 512 512 512-229.248 512-512-229.248-512-512-512zM432.64 748.256l-235.584-235.616 90.496-90.496 145.056 145.12 307.744-307.744 90.496 90.496-398.208 398.24z"],"attrs":[],"isMulticolor":false,"isMulticolor2":false,"tags":["check-alt","checkmark","tick"],"grid":16},"attrs":[],"properties":{"id":11,"order":10,"prevSize":32,"code":59650,"name":"check-alt"},"setIdx":0,"setId":2,"iconIdx":10},{"icon":{"paths":["M512 0c-282.752 0-512 229.248-512 512s229.248 512 512 512 512-229.248 512-512-229.248-512-512-512zM765.248 674.752l-90.496 90.496-162.752-162.752-162.752 162.752-90.496-90.496 162.752-162.752-162.752-162.752 90.496-90.496 162.752 162.752 162.752-162.752 90.496 90.496-162.752 162.752 162.752 162.752z"],"attrs":[],"isMulticolor":false,"isMulticolor2":false,"tags":["x-altx-alt","cancel","close"],"grid":16},"attrs":[],"properties":{"id":13,"order":9,"prevSize":32,"code":59651,"name":"x-altx-alt"},"setIdx":0,"setId":2,"iconIdx":12},{"icon":{"paths":["M0 640h512l-192 192 192 192 512-512-512-512-192 192 192 192h-512z"],"attrs":[],"isMulticolor":false,"isMulticolor2":false,"tags":["arrow-right","right","next"],"grid":16},"attrs":[],"properties":{"id":76,"order":8,"prevSize":32,"code":59649,"name":"arrow-right"},"setIdx":0,"setId":2,"iconIdx":75},{"icon":{"paths":["M384 512c-212 0-384 172-384 384 0 70.752 57.248 128 128 128h512c70.752 0 128-57.248 128-128 0-212-172-384-384-384zM192 192c0-106.039 85.961-192 192-192 106.039 0 192 85.961 192 192 0 106.039-85.961 192-192 192-106.039 0-192-85.961-192-192z"],"width":768,"attrs":[],"isMulticolor":false,"isMulticolor2":false,"tags":["user","profile","account","avatar"],"grid":16},"attrs":[],"properties":{"id":146,"order":7,"prevSize":32,"code":59648,"name":"user"},"setIdx":0,"setId":2,"iconIdx":145}],"height":1024,"metadata":{"name":"icomoon"},"preferences":{"showGlyphs":true,"showCodes":true,"showQuickUse":true,"showQuickUse2":true,"showSVGs":true,"fontPref":{"prefix":"icon-","metadata":{"fontFamily":"icomoon"},"metrics":{"emSize":1024,"baseline":6.25,"whitespace":50},"embed":false},"imagePref":{"prefix":"icon-","png":true,"useClassSelector":true,"color":0,"bgColor":16777215,"name":"icomoon","classSelector":".icon"},"historySize":50}}